"Gene","diff_MES_minus_ADRN","AveExpr","t","P.Value","adj.P.Val"
"ATF5",0.262559283144672,-0.0762280329530707,4.40658931596657,0.000119299938134772,0.0707521596782877
"MAFA",-0.178048577384945,0.0448478719221082,-4.24004742565794,0.000190449958757167,0.0707521596782877
"NFIC",0.239582051298305,0.0393104084076126,3.97426777610448,0.00039898991604705,0.0988165025409861
"TFAP2D",0.1713744451554,-0.132658641962984,3.70386417765552,0.000837138786513544,0.155498529594891
"STAT1",-0.172574575464474,0.0179169169775836,-3.42991130069382,0.00174707782055141,0.259615764133939
"IRF7",0.17780605292708,-0.00538992762716773,3.2922951802473,0.00251087371438514,0.274456632888247
"MAZ",0.213557801147998,-0.0236118488686796,3.28106307136428,0.00258572870823382,0.274456632888247
"MLX",0.325521100986519,-0.165845249722654,3.08128877237675,0.00433331502116586,0.384817523350999
"HHEX",0.180468783200071,0.151627713257286,3.05266737874784,0.00466131589523417,0.384817523350999
"KAT5",-0.277750546545499,-0.636786501881077,-2.94980346041408,0.00604537250461631,0.395330097532322
"EZH2",-0.217202471881698,-0.296643246007217,-2.941125592756,0.0061784179559545,0.395330097532322
"MEOX1",0.198426833732517,-0.0871724571859605,2.89118878916752,0.00699935777372347,0.395330097532322
"JUNB",0.206659862068199,-0.175306906976009,2.87110158856442,0.00735772548531361,0.395330097532322
"PAX2",0.127161769388004,-0.139457950491962,2.85721708834748,0.00761545074951573,0.395330097532322
"ARID5B",-0.135937229510721,-0.0473806941302833,-2.75970308332735,0.00967898886276285,0.395330097532322
"RB1",0.203567635532391,0.29475073254231,2.75453738575761,0.00980172761931732,0.395330097532322
"HOXD3",0.131047835206183,0.0246993603897587,2.73638728847564,0.0102446116531787,0.395330097532322
"TBX3",-0.322031384229019,-0.284748668240077,-2.72514512913028,0.0105282335238037,0.395330097532322
"IKZF3",0.158462838360932,-0.00980996860618234,2.72326965479546,0.0105762560614954,0.395330097532322
"HLX",-0.166851724409649,0.00297918977056864,-2.71381995031791,0.0108213452221248,0.395330097532322
"NEUROG1",0.124821325751976,0.0391449192273938,2.6814106924885,0.0117027193387404,0.395330097532322
"HMGA2",-0.152775628327951,0.0569810593403189,-2.66572062281505,0.0121530091986399,0.395330097532322
"MYC",-0.925253890780724,-0.391069714985561,-2.64563068682887,0.0127530932043658,0.395330097532322
"ZBTB4",-0.156839776154582,0.0606850097928526,-2.62611003922888,0.0133624224907282,0.395330097532322
"SIX4",0.139565976008147,-0.0330996047349191,2.59882707288463,0.0142593569684657,0.395330097532322
"DDIT3",0.130182877870846,-0.0704009159108828,2.58653004606596,0.0146815745739921,0.395330097532322
"HEY2",0.1339652893744,0.132793532824023,2.57000945631701,0.0152670165579824,0.395330097532322
"NHLH2",-0.140514775885438,-0.16801263719398,-2.5614245678506,0.0155796849664708,0.395330097532322
"NFATC2",0.136717317089662,0.0598431102926287,2.55681958337675,0.0157498278600836,0.395330097532322
"SMAD6",0.172666130204744,-0.0808694313727445,2.55113604858289,0.0159621842879807,0.395330097532322
"TCF7L1",-0.144715021188319,-0.195157830994232,-2.47000312012003,0.0192955544206197,0.45402973343896
"EGR2",-0.213650585967676,-0.185954463125358,-2.46425427558065,0.0195544434320952,0.45402973343896
"MYBL2",-0.303339639275996,-0.627668741297381,-2.42557274364957,0.0213807795962513,0.473779364395558
"POU3F1",0.142113012085539,0.0282872548098849,2.41951842566465,0.0216803477650726,0.473779364395558
"SREBF2",0.146369216016343,-0.0446806588149507,2.40220024949927,0.0225585351659401,0.476697426805034
"GTF2I",0.189107152249746,-0.0968110273037744,2.38452939566076,0.0234879310864503,0.476697426805034
"TSC22D1",-0.174202141502687,-0.0102064944558917,-2.3702582784327,0.0242638229650161,0.476697426805034
"ZNF395",-0.0915233553159928,-0.0494109324509454,-2.36251667821194,0.0246944036782613,0.476697426805034
"KLF15",0.135229375237535,0.0780160912756862,2.34365188335115,0.0257728713148906,0.476697426805034
"CTNNB1",-0.137659115347254,-0.136748099524795,-2.3429389687339,0.0258144532309936,0.476697426805034
"ZNF335",-0.240209556205191,-0.647780847595542,-2.28818710379024,0.0291956191149146,0.476697426805034
"TCF12",-0.170113584742072,-0.018577752354915,-2.27624771158409,0.0299840891522247,0.476697426805034
"CLOCK",-0.0895048121998579,-0.0032757914650785,-2.26529008713867,0.0307245703632757,0.476697426805034
"BRCA1",0.191111472854496,-0.450895418422289,2.25569964378918,0.0313861386956037,0.476697426805034
"GTF3A",-0.298585402807988,-0.935043238638031,-2.25263453241003,0.0316002645416441,0.476697426805034
"EGR3",0.100782451755064,0.259691451296682,2.25000248051898,0.031785185358784,0.476697426805034
"ZGLP1",-0.108800831080773,0.011458038332289,-2.24921878229457,0.0318404336521739,0.476697426805034
"STAT2",0.126716552874349,-0.100690683948322,2.23857064377993,0.0325997008630976,0.476697426805034
"FOXP3",0.121833654223179,0.0615883695596292,2.22178780757882,0.0338294683892711,0.476697426805034
"TADA2A",-0.183434760071303,-0.459838762270695,-2.2103277928909,0.0346929557846084,0.476697426805034
"ZBTB32",-0.0932770300709781,-0.0395287221874702,-2.19866281424986,0.0355921199997993,0.476697426805034
"GLI1",-0.128430955310443,-0.135881411950265,-2.19385300517359,0.0359689062519765,0.476697426805034
"CEBPZ",-0.177326397778828,-0.91468768119478,-2.18947454517115,0.0363150006081268,0.476697426805034
"PAWR",0.15640401573908,0.0559865103544389,2.17760420753279,0.0372683153132304,0.476697426805034
"RBPJ",-0.118111483538156,-0.133658067747284,-2.16309735116186,0.0384636798456141,0.476697426805034
"TBX15",0.129155105658163,-0.0842076242688698,2.1583920758132,0.0388586747705302,0.476697426805034
"ELF3",0.0977779296031422,-0.018086258246734,2.15576321218031,0.0390809315708068,0.476697426805034
"HOXB13",-0.140415123018642,0.00808214498677962,-2.15079890636415,0.0395037293122051,0.476697426805034
"SOX11",0.489032206202254,-0.45365570119359,2.14826776057997,0.0397208650781138,0.476697426805034
"PIAS1",0.169571247934188,-0.289878215399141,2.14172311752579,0.0402872349264966,0.476697426805034
"FEZF2",0.106363620021234,-0.107223809907387,2.1352603678094,0.0408535580443541,0.476697426805034
"NR4A3",-0.100247096396822,-0.0327094328806836,-2.12808404081797,0.0414906957004543,0.476697426805034
"NFE2",0.119665650190489,-0.0465636812466706,2.12694574505151,0.0415925646090052,0.476697426805034
"SALL1",0.124731446298596,-0.0817639587601585,2.1145408474726,0.0427171956581019,0.476697426805034
"ETV5",0.119224376350983,0.016543432073723,2.11395006512455,0.0427714230153008,0.476697426805034
"TP53",0.363484098130696,0.432727672873193,2.11337806698383,0.0428239843668615,0.476697426805034
"DNMT1",-0.179796867940365,-0.782930124754882,-2.0951660328862,0.04452772777947,0.476697426805034
"ZNF350",0.0861361848797648,0.0323202281577915,2.09237119303673,0.0447944314578233,0.476697426805034
"BATF",-0.10548368756645,0.0775778150786709,-2.08741439509457,0.0452709233148267,0.476697426805034
"MSC",0.131024195271067,-0.0946656692051688,2.08544911068652,0.0454610818023596,0.476697426805034
"TFAP2A",-0.130447780914866,0.0768104732512265,-2.08450675578924,0.0455525131940208,0.476697426805034
"PAX7",0.0965997583951262,0.0316449615966608,2.05160278907719,0.0488485999812168,0.496484991086652
"DMAP1",-0.291734033113168,-1.09885397074741,-2.03597675833352,0.0504862253634209,0.496484991086652
"ZNF24",0.131054483698448,-0.0591628619454999,2.03384055349903,0.0507138126301911,0.496484991086652
"TP73",-0.11879148497372,-0.0512433834082063,-2.03148161414657,0.0509661769152013,0.496484991086652
"KMT2B",0.171074759309873,-0.282721516050495,2.03059093509559,0.0510617502550148,0.496484991086652
"ZEB2",-0.2170416158861,-0.341047102552388,-2.02249491384949,0.0519377301483532,0.496484991086652
"NR1D2",-0.0991964910600703,-0.16957913661951,-2.01527775030222,0.0527297118187587,0.496484991086652
"MYCN",0.625198135904741,-0.746279055034198,2.00459323418005,0.0539216296516051,0.496484991086652
"HOXB2",-0.112047853345697,0.0377367490754401,-2.00357833894872,0.054036065019043,0.496484991086652
"FOXN1",-0.130704348175273,-0.155790936996555,-2.00278602484539,0.0541255508452474,0.496484991086652
"FOXF1",-0.161023704784025,0.201362580985542,-1.99152969205917,0.0554109534524801,0.502077297746252
"ASXL1",-0.149830565498216,0.0562816387029976,-1.97352654605685,0.057522302897033,0.51365105206422
"GATA3",0.399082165178276,-0.721770523197,1.96027780933632,0.0591205871930108,0.51365105206422
"FEZF1",-0.14596838073257,0.0967497148616602,-1.95053398145237,0.0603206063429235,0.51365105206422
"YY1",0.274318386791127,-0.953793538102028,1.94223659643981,0.0613591345046143,0.51365105206422
"ARID3B",0.186902838442176,-0.126539060757457,1.9354179724797,0.062224171673274,0.51365105206422
"PDX1",0.140716837197638,-0.0219870689889572,1.9269748647684,0.0633099517708241,0.51365105206422
"BMAL2",-0.110251541653191,-0.0588304929014236,-1.92362097149156,0.0637457992790111,0.51365105206422
"AHRR",0.0897894605335657,-0.083844556356612,1.92264939663994,0.0638725429057981,0.51365105206422
"NFIB",0.182912860271302,-0.0381848531756068,1.92190874439963,0.0639693089228554,0.51365105206422
"BRD4",-0.242698716282385,-0.953762250198032,-1.91640759946725,0.0646920156766583,0.51365105206422
"FOXC2",0.0975621683117089,-0.121265854438111,1.91123276073276,0.065378297031907,0.51365105206422
"PPARD",0.149150537436338,0.165502618642771,1.90719819008799,0.0659177192202654,0.51365105206422
"SIM2",0.107293635814783,0.0313439335270446,1.8988529487549,0.067045702645723,0.51365105206422
"TCF21",-0.0931970339350093,0.01239025626319,-1.89624194090242,0.0674020268758775,0.51365105206422
"RORB",0.102895858308042,0.0393017864416581,1.89281359241145,0.067872375873186,0.51365105206422
"OLIG2",-0.124693836008428,-0.0556325895868607,-1.8897088431141,0.0683007706702847,0.51365105206422
"CEBPA",0.165288163618764,-0.268142555790208,1.88404959942647,0.0690876386014262,0.51365105206422
"TCF3",-0.115538216066686,-0.0797594116425994,-1.88335847812956,0.0691842663317173,0.51365105206422
"GATA2",0.197890965789132,-0.282087641444956,1.87320000771891,0.0706180453716184,0.51365105206422
"DOT1L",-0.201744406853325,-0.215288694170354,-1.8720036557469,0.0707885718317961,0.51365105206422
"TCF4",-0.177439181173505,0.0261307941386655,-1.86908555887151,0.0712060004880413,0.51365105206422
"NPAS4",0.14181201097841,-0.0878116641374792,1.86310294394197,0.0720684267905796,0.514873472167314
"NCOA2",-0.112790437300425,0.00216481033680651,-1.8492376450922,0.0741017563466771,0.520236022341692
"GLIS3",-0.0879704073447217,0.173249354514646,-1.84844542951175,0.0742194056099857,0.520236022341692
"FOXN4",0.140748800383383,-0.230490280748493,1.83616108103619,0.0760643096708213,0.526830674194087
"MTF1",-0.172122054106193,-0.260224102089446,-1.82861555238208,0.0772168764718252,0.526830674194087
"MEF2D",0.0995086708709648,-0.0772791813708079,1.82429033274728,0.0778842560036547,0.526830674194087
"ZFP42",0.129765591599645,0.123073610691317,1.82205381925151,0.0782312782490694,0.526830674194087
"ETV7",0.0989393634724504,-0.0442031053864515,1.81901102682243,0.078705524677717,0.526830674194087
"TAF1",0.130537323349571,-0.839809202457184,1.80312759825584,0.0812211281393646,0.538815162567392
"TFEB",0.0909504012178106,0.115053173597666,1.79523153182031,0.082496981951848,0.541083453322472
"RORA",0.0974891186244694,0.0675775991295669,1.78897642184192,0.0835197549096064,0.541083453322472
"HOXB1",-0.0806943512571806,-0.0152144949616347,-1.78734865086668,0.0837876721776293,0.541083453322472
"TOX3",0.10697583049116,0.00950430973459223,1.78318669509045,0.0844760169386363,0.541083453322472
"AIRE",0.0873946250303343,0.188112326885955,1.76529764012028,0.0874895921263819,0.554942520096092
"SOX4",-0.128095081893377,-0.1331706003424,-1.75868555133362,0.0886262699868581,0.554942520096092
"GFI1",0.137027694292029,-0.0364765884792233,1.75721691306705,0.0888804305402893,0.554942520096092
"HOXA2",-0.0898297227669472,0.0449005724499636,-1.73838068881676,0.0921951939861613,0.560504530042501
"ZNF362",-0.0934930504707141,0.0903552684716295,-1.73540077389511,0.0927290265988359,0.560504530042501
"MYRF",-0.0686570461209758,-0.225227563753231,-1.73457339460059,0.0928777073804848,0.560504530042501
"ZNF236",0.141718726626682,-0.46433259352112,1.73420062812547,0.0929447594323491,0.560504530042501
"RUNX2",0.104390363382433,-0.296475162042963,1.72724375115321,0.0942036399502264,0.560504530042501
"LHX8",0.144033506095196,0.0248387081279758,1.71972299870864,0.0955806619016979,0.560504530042501
"JARID2",0.108829882460381,-0.151272056843347,1.71954198715879,0.0956140118151061,0.560504530042501
"SIRT1",-0.104797506402077,-0.069246983843579,-1.71849938899356,0.0958062924837115,0.560504530042501
"KAT6A",-0.161222767138223,-0.283430192803548,-1.71002651143522,0.0973809756191938,0.565266131914539
"HOPX",-0.079073085437809,-0.0867069543415158,-1.69610711991717,0.100014995324358,0.570135423638289
"RCOR2",0.198675544234341,-0.385722384338907,1.69476943558835,0.100271242218224,0.570135423638289
"LHX3",0.0801459593404301,0.0102392858027162,1.68875723136266,0.101429731309365,0.570135423638289
"ATF3",0.0782783507061769,0.013533006122284,1.68726570656644,0.101718858177076,0.570135423638289
"MYBL1",-0.0705991654027715,-0.00385935333119167,-1.68468432478565,0.102220877046975,0.570135423638289
"VSX2",0.0886134535684005,-0.0299147089676068,1.68021822466399,0.103094316014996,0.570135423638289
"SETBP1",-0.086712153463373,0.0260684950894696,-1.66780196662118,0.105555346497733,0.570135423638289
"TBXT",0.081683341779022,0.0699640659992339,1.6648610296705,0.106145382708004,0.570135423638289
"STAT5A",0.130101611968728,-0.28784237872404,1.66360352048521,0.106398511451402,0.570135423638289
"CREBZF",0.0864020837832998,0.0158502604428633,1.65404900808885,0.108338220834147,0.570135423638289
"DAXX",-0.205544901738168,-0.41707062138346,-1.64820187117834,0.109539699254766,0.570135423638289
"NR4A2",0.103852897091597,-0.0730329918096657,1.64809175518739,0.109562431683787,0.570135423638289
"RELB",0.0760617591708038,-0.0211255928020785,1.64771107202484,0.109641050358779,0.570135423638289
"ATOH1",0.0658647470616853,-0.0703372685288383,1.64448949474927,0.110308245712542,0.570135423638289
"SALL4",0.103920561756812,-0.124020160449698,1.64281465809979,0.1106564355205,0.570135423638289
"TTF1",-0.106124077887527,-0.647145205026149,-1.64141668615861,0.110947763587468,0.570135423638289
"SP3",0.114788775842904,-0.0392933758138787,1.63658742320625,0.111959042805431,0.570135423638289
"KLF2",-0.0928927222558318,-0.0668668136437265,-1.63624044871029,0.112031994416137,0.570135423638289
"HES6",0.0893413648408644,-0.140744511864671,1.62829657989941,0.113712987179538,0.572498229261517
"ZNF263",0.11948509156331,0.0595708103121629,1.62548932893653,0.11431198943017,0.572498229261517
"TBX6",0.0959247789656579,-0.0766584785452574,1.6205826037981,0.115365228684807,0.572498229261517
"NR2F1",-0.1212291075763,0.00340412562774884,-1.61803908774313,0.115914343976367,0.572498229261517
"TBPL1",-0.0851522644923875,0.13643851261198,-1.61382585048541,0.116828674452593,0.572498229261517
"ZNF384",0.111640302308322,-0.0609301284862666,1.61249177911842,0.117119422406125,0.572498229261517
"ARID3A",0.0970868053112577,-0.0798029438565175,1.6062643537077,0.118484526066579,0.573995810272666
"TBX21",0.145056999975988,-0.145254856532188,1.60357554734147,0.11907796905674,0.573995810272666
"HDGF",-0.0850753423748958,-0.0684034202841925,-1.59508637658651,0.120967663793959,0.573995810272666
"AR",0.0945880173275926,0.121588734267192,1.59044094943719,0.122012120289886,0.573995810272666
"AHR",-0.144650599628403,-0.038334319436349,-1.58793698691273,0.122578161346501,0.573995810272666
"CIITA",0.0662483054979516,0.0584242048290669,1.57803269640756,0.124838242123333,0.573995810272666
"TLX2",0.240087850155271,-0.128232383609317,1.57239672324598,0.12613947795306,0.573995810272666
"ZXDC",-0.0879423465652001,-0.0550570167837517,-1.56618451791941,0.127586576697218,0.573995810272666
"TRPS1",-0.0744878534849831,0.150286947266769,-1.56566059148792,0.127709239703593,0.573995810272666
"MYT1",0.186894791648735,-0.107838561134447,1.56564074413382,0.127713888308918,0.573995810272666
"BCOR",0.195267013836229,-0.17323831551847,1.56376301919291,0.128154310075634,0.573995810272666
"TFDP1",0.173832872037182,-0.536330469126975,1.56222498868413,0.12851597878103,0.573995810272666
"MLXIPL",-0.0851578387558957,-0.0669495963002617,-1.5618822105088,0.128596696597984,0.573995810272666
"SF1",0.229976894156121,-2.36366627875564,1.55901846432392,0.129272671807532,0.573995810272666
"ELF2",-0.114275971604606,-0.188060213635358,-1.55655897094017,0.129855534191097,0.573995810272666
"REST",-0.106561277884748,-0.206645136594883,-1.55536033940196,0.130140366566263,0.573995810272666
"THAP11",-0.19347108392954,-0.410990537980371,-1.552770116005,0.130757622743157,0.573995810272666
"SIX3",0.0792877492536438,0.0193785734782476,1.55037093355949,0.13133147745135,0.573995810272666
"HIVEP1",-0.0827720846474016,-0.0278207737190538,-1.53382047473535,0.135346164732778,0.588083043254118
"HOXD4",-0.0899996111317928,-0.0639188258663225,-1.52702040407164,0.13702426426221,0.588396504048148
"ING4",-0.0650752637391375,0.109309491694687,-1.52415178633581,0.137737206188852,0.588396504048148
"HOXA4",-0.0757396328573325,0.147284464810307,-1.52289839213978,0.138049654894377,0.588396504048148
"EGR1",0.0876022157858639,-0.141549591594955,1.52075222524115,0.138585986821569,0.588396504048148
"SPDEF",-0.0917309066071192,0.0535416186247632,-1.50849222306668,0.141682159661367,0.597097369520888
"IRX4",-0.0902943048619105,-0.0519289081710262,-1.50604367369229,0.142307156399067,0.597097369520888
"SUPT20H",0.140569542250925,-0.279547582402603,1.50315945226887,0.143046206964627,0.597097369520888
"NEUROG2",0.0630524933946442,0.152891869972083,1.49865030759507,0.144207816660598,0.598583283680582
"PAX6",0.0841209477825196,0.0581154260018042,1.4908913048238,0.14622438084028,0.601473340061412
"ZBTB7A",-0.119822445292058,-0.218793288499867,-1.48629880222756,0.147428601919734,0.601473340061412
"TBX1",0.0879137508375074,-0.184736871443104,1.48504352631823,0.147759134498651,0.601473340061412
"HOXD10",-0.0865346464110978,-0.186421201044896,-1.48359172842038,0.14814215508915,0.601473340061412
"FOXQ1",-0.0696724439958298,0.0281370274970573,-1.46988582750285,0.151797459503994,0.60698157869143
"IRF6",0.102303923097909,-0.147595151739829,1.46964268412908,0.151862949880222,0.60698157869143
"KLF1",0.0706613436349962,-0.130301749781745,1.46798879960383,0.15230902102847,0.60698157869143
"HOXB4",0.0850815520710262,-0.0319529587466519,1.46288587395183,0.15369193625879,0.60698157869143
"BACH1",-0.0631262098351365,0.102259601887469,-1.4610947915142,0.15417969625743,0.60698157869143
"TBX2",-0.19722762690961,-0.239139060561901,-1.45752073106887,0.15515669832039,0.60698157869143
"MAFK",-0.120792901272574,-0.0903538581887666,-1.45729940389545,0.155217361980312,0.60698157869143
"FOXG1",-0.0773125095864162,-0.0517698331326548,-1.45260970997348,0.156507210033188,0.608821241123867
"FOXP2",-0.0787956260862167,0.0236807423881077,-1.44848079981392,0.157649869672316,0.610072151909015
"CTCF",0.234914076283446,-1.64990587666743,1.44068543658848,0.159825280800288,0.611075687241736
"TBR1",-0.0771550855307644,-0.0252545910403249,-1.43482461820252,0.16147646508656,0.611075687241736
"TLX3",0.0973759604546143,-0.124103848037568,1.43427456353477,0.161632124976719,0.611075687241736
"MYB",-0.0885422998913545,-0.152470778649085,-1.42903155976714,0.163121815884349,0.611075687241736
"MBD2",-0.110001474941969,-0.0540847174791656,-1.4287136982126,0.163212477873879,0.611075687241736
"JUND",-0.0955545581528583,-0.153994839391782,-1.42856537951387,0.163254795682187,0.611075687241736
"PAX9",0.0705788062539584,-0.0201452688871884,1.42642809286187,0.163865563754115,0.611075687241736
"ENO1",-0.191566150690726,-0.164611766689105,-1.42310875257964,0.164817705803347,0.611075687241736
"ASCL1",0.306283930708147,-0.35774010139898,1.41988825624897,0.165745667970203,0.611075687241736
"SMAD4",0.123039165254128,-0.188648824650138,1.41854604412769,0.166133632332208,0.611075687241736
"HAND2",-0.20575604468358,-0.458801604966464,-1.40881871681788,0.168966756629294,0.617909391952607
"TEF",0.099997573300117,-0.158559382071863,1.4064757836729,0.169654799405561,0.617909391952607
"MNT",0.146295017721116,0.0482943138993842,1.39895831231701,0.171877326063983,0.62295050373434
"ZNF91",0.0971282087927668,-0.333523983337303,1.39359175277268,0.173477881822838,0.6256993504581
"MTA1",-0.0780022288345074,-0.0239856278287313,-1.38536691736864,0.175953563795897,0.627689397130632
"ATF7",0.0803513599329105,-0.171637651212094,1.3850555710315,0.176047819733979,0.627689397130632
"THRA",0.116566389232491,0.0487116601978501,1.38335269097822,0.176564043069047,0.627689397130632
"HNF4A",-0.0743737993647447,0.097728973656036,-1.37861127896005,0.178007627264128,0.629758821020333
"PEG3",0.0745035490988847,0.0849318204618499,1.3701778562063,0.180598055821475,0.629758821020333
"NKX6.1",-0.0874303502102172,0.00140940905196618,-1.37006786110525,0.180632035283043,0.629758821020333
"TET1",-0.0548712688965257,-0.107671556604682,-1.37005881343267,0.18063483049333,0.629758821020333
"NFKBIZ",-0.068122785312448,-0.00170182910234692,-1.36323710788681,0.182751955415767,0.629758821020333
"E2F2",0.0738451156868017,0.0970581779445667,1.36194176004491,0.183156140785854,0.629758821020333
"IRF2",0.087281536137478,0.0354629427118683,1.35868019637867,0.184176920310982,0.629758821020333
"CTCFL",-0.0554639357107252,0.0748884557541692,-1.35753538679915,0.184536260483222,0.629758821020333
"VDR",0.0652512940363237,-0.0745181435117131,1.35510808237257,0.185299959582458,0.629758821020333
"NCOR2",-0.0793584048909776,-0.158768098082998,-1.353075371474,0.185941394011405,0.629758821020333
"PBX2",-0.107350916996847,-0.296502908260817,-1.35140544487208,0.18646963744882,0.629758821020333
"MSX1",0.0870487586912724,0.0291642631204584,1.34426102647817,0.188742759750143,0.634551450200705
"VEZF1",-0.177205943961455,-0.431634001715788,-1.33180094461781,0.192758388923206,0.643972770087189
"HES5",0.0968303582226462,-0.0901135679625099,1.32941826532712,0.193533730384295,0.643972770087189
"CREBBP",-0.190637566488374,0.0912949556043619,-1.32547542791121,0.194822035506034,0.643972770087189
"ZNF436",0.0837113519132526,-0.0419352436874338,1.32489591998881,0.195011942489391,0.643972770087189
"ZNF202",0.0732529240150913,-0.0260829425755275,1.32132298311786,0.196185956443676,0.644983033794919
"ZNF300",0.0508780084902217,0.19711020862017,1.31758486842532,0.197420054976914,0.645614124617273
"SMARCA4",0.242059072317709,-0.650659802859815,1.31510431247611,0.198242269672866,0.645614124617273
"LRRFIP1",-0.082944839038307,-0.0984293761392508,-1.31188582402321,0.199312996767554,0.645614124617273
"KDM5A",0.10783964182037,-0.34285146146914,1.30808374613717,0.200583579850465,0.645614124617273
"PRDM16",-0.0758528035116083,-0.153311975414031,-1.30766898144486,0.200722560950996,0.645614124617273
"NEUROG3",0.0914811506426003,-0.126188896958672,1.29816977216554,0.203925817057519,0.65088738496222
"RARG",-0.0501944346243059,0.017490451475975,-1.29761504266849,0.20411407899892,0.65088738496222
"WWTR1",-0.074403322068386,-0.243008359970519,-1.29045808029987,0.206554895844129,0.655265588562458
"ARID1B",0.174599871129572,-0.227634175877438,1.28842909824606,0.207250892748557,0.655265588562458
"NKX2.1",-0.0934133483068017,0.326855388855414,-1.28136378095179,0.209688431445524,0.660163154932307
"POU2AF1",-0.0744967162043629,-0.0804333038227551,-1.2755314391174,0.21171695774922,0.662381963490449
"TFE3",-0.080093970637398,0.0207117662815141,-1.27421697060009,0.212176187497614,0.662381963490449
"TEAD2",-0.0806235984133976,-0.0931284584531989,-1.26906230857257,0.213984337526558,0.663831405099552
"ZGPAT",0.0628687478638468,-0.120859413283503,1.26780434382898,0.214427371768361,0.663831405099552
"PRDM1",0.0768438562343449,-0.0766342343374712,1.2529035800327,0.219728081170597,0.67630631618249
"PLAGL1",0.0748817689723981,0.0302077930488542,1.2462180890544,0.2221381756854,0.67630631618249
"CTBP2",0.100575274603765,-0.364002220285894,1.2442217948669,0.222861671154768,0.67630631618249
"ATOH7",-0.0716232905226948,-0.0246566349632188,-1.24334922971432,0.223178460928516,0.67630631618249
"EBF1",0.0894526943691972,-0.219528736312222,1.24194531410469,0.223688870063537,0.67630631618249
"BCL11B",0.0658855861802941,0.210335781078755,1.24131482427085,0.22391837655571,0.67630631618249
"TRERF1",0.0590133321789096,-0.0765982253212044,1.23880468534901,0.224833852069159,0.676322073228281
"HOXA13",-0.0971952062494181,-0.202994927290446,-1.2273722948235,0.22903888617704,0.682758169924748
"UTF1",0.0815490750801923,-0.0206044644206293,1.22709930036692,0.229140011932164,0.682758169924748
"NR2F2",-0.0804642670012803,0.0851455423922728,-1.22550783412427,0.22973020522367,0.682758169924748
"ZNF804A",0.0689466592274567,0.0193595463449269,1.22042811561636,0.23162160420636,0.685636860260261
"SOX9",0.10872039887896,-0.297428770856879,1.21253850694793,0.234582220842959,0.69094913190715
"AEBP1",0.0701534798557298,0.0570266134697052,1.20787969309845,0.236343625723915,0.69094913190715
"ATF2",-0.073906732523071,0.0526877575453186,-1.20639932426579,0.236905373962434,0.69094913190715
"HINFP",-0.195863401133577,-1.44910014767833,-1.19849301168464,0.239922319400141,0.69094913190715
"FOXD3",0.0707891196963416,-0.14812977077268,1.19620824918145,0.240799427064602,0.69094913190715
"PIN1",0.0718354210925395,0.00389926456913682,1.19437001190524,0.24150683519052,0.69094913190715
"NFE2L3",0.130519436822924,-0.478177478543726,1.19119929713472,0.242730625980923,0.69094913190715
"NEUROD2",-0.0683940928194514,-0.0146336575710646,-1.18960521802138,0.24334761373341,0.69094913190715
"KDM5C",-0.119990188091143,-0.241658739912185,-1.18913926859461,0.243528177578187,0.69094913190715
"BCLAF1",0.260019102086409,-1.04983350535594,1.18101027043192,0.246694222363759,0.69094913190715
"EHF",0.0468902498406667,-0.0321171940571814,1.18076577587828,0.2467899137415,0.69094913190715
"TGFB1I1",-0.0725742588000642,0.0197734033376298,-1.17890950890922,0.24751731813168,0.69094913190715
"RXRA",-0.0645090392038271,-0.00936402672240987,-1.17385090110896,0.249507598258938,0.69094913190715
"ELF4",0.0696758582390516,0.00647520041556229,1.17317784811116,0.249773289488398,0.69094913190715
"HTATIP2",0.0604389834006493,0.214785717553891,1.1730913605504,0.249807445947357,0.69094913190715
"PITX1",-0.0579066695148476,-0.183143030521663,-1.17152030758634,0.250428496829463,0.69094913190715
"NR6A1",-0.106485312452682,-0.0166909384971157,-1.17002819926864,0.25101938716596,0.69094913190715
"HOXB5",0.062778453321613,-0.151412271725441,1.16874884098682,0.251526838925677,0.69094913190715
"CDX1",0.0497533588919695,0.112333618923157,1.16692694469759,0.252250781671135,0.69094913190715
"NRF1",0.10253836995582,-1.15333800614992,1.16403014769087,0.253404980386922,0.69094913190715
"DNMT3B",0.075507846768431,-0.000880966099951318,1.16284132597317,0.253879769530785,0.69094913190715
"ATF6",0.0678649332967647,-0.107040591548396,1.162024722455,0.25420627926463,0.69094913190715
"FOXP1",0.079479135623759,0.0200078784606639,1.16052948241759,0.254804928859434,0.69094913190715
"E2F3",-0.0963294843085548,-0.189878472433261,-1.15651059824189,0.256419068833495,0.691442955809278
"MYF5",0.0654053849473471,-0.0643520184281268,1.15544510866782,0.256848258147188,0.691442955809278
"ZIC1",-0.0722373246769041,0.0828982070466109,-1.14755755636103,0.260041723033194,0.695381218435218
"MSX2",-0.0584084532703119,0.0816802180677181,-1.14721021427753,0.260183013088816,0.695381218435218
"TFAP2B",0.182851714938559,-0.281223165200654,1.14309125419153,0.261862755388913,0.695594289812059
"ETV2",0.0617536405709994,-0.0289704694094613,1.14177640888114,0.26240061161462,0.695594289812059
"HMGA1",0.14267254337927,-0.740558949444049,1.13907162221783,0.263509560259803,0.695594289812059
"HDAC3",-0.195660045429392,-0.79667960287582,-1.13785974505347,0.264007523185734,0.695594289812059
"ELF5",0.0503649640465379,0.0937303717411865,1.13332169238164,0.265878268663431,0.697523126069943
"HOXD8",0.0706324032740631,-0.131057800738405,1.13112895402113,0.266785617580308,0.697523126069943
"NR2C2",0.086920735651445,-0.0871912573137104,1.12927149284828,0.267555977025483,0.697523126069943
"HOXD13",0.125056043539833,-0.32490060830522,1.12313776374738,0.270111262586118,0.701722615739461
"BACH2",0.0598608226697323,-0.00339643261291252,1.12033905245898,0.271283012345615,0.702311073772794
"POU4F1",-0.0863739899862459,0.0645993794057131,-1.11219703534094,0.274712636608309,0.707077545561543
"RELA",0.0673804249990984,-0.35479759789929,1.11145327302391,0.275027470615459,0.707077545561543
"SP6",0.0599002169569679,-0.0738003236590115,1.10328537438459,0.278501950427216,0.713541204025592
"CREB3L3",0.0725833426304672,-0.00581227978835197,1.09771083681891,0.280891190290561,0.71718953397212
"GFI1B",-0.0600314920446537,-0.0411455153079517,-1.09162943936575,0.283514288100748,0.719299315709426
"KLF3",0.0878532067437681,0.00786276675301672,1.0913073473131,0.28365370054221,0.719299315709426
"PAX8",-0.0457870774985349,-0.0820267418370493,-1.08230430357743,0.287570251238857,0.72403558388085
"ETS2",0.0623830076398464,0.17744149825906,1.08024730559027,0.288470447205155,0.72403558388085
"GTF2IRD1",0.0648017422362902,-0.0659191327798954,1.07852921469273,0.289223855282334,0.72403558388085
"RORC",0.0480740218348746,-0.115275740078652,1.07808394730771,0.289419338374983,0.72403558388085
"ZIC2",0.107374740030045,-0.0944362316278674,1.069799278796,0.293073548890243,0.725168245001035
"YBX1",0.181256878798531,-1.55613330634394,1.06975641497579,0.293092539468412,0.725168245001035
"HDAC7",-0.0634658384189399,-0.0458255445925638,-1.06785565893158,0.29393553052038,0.725168245001035
"SOX5",0.056966339446246,-0.0760891915614955,1.06311946927811,0.296043464376744,0.725168245001035
"GLI3",-0.0636228039106367,0.119462982138761,-1.0627384286491,0.296213514402179,0.725168245001035
"PHOX2B",0.138305022730329,-0.0704610496098979,1.05710909992992,0.298733754463358,0.725168245001035
"KMT2A",-0.151304007694932,-0.0149840845034298,-1.05704537756018,0.298762368603176,0.725168245001035
"HIF1A",0.0603605458198683,0.122154680976106,1.05700118132914,0.298782215777829,0.725168245001035
"NCOA1",-0.0445909017468381,-0.186405146965159,-1.05587711323015,0.29928731089999,0.725168245001035
"SOX18",0.0571911020568448,0.0627875554176249,1.05448309308567,0.299914538019807,0.725168245001035
"RREB1",0.0583170124102053,0.0726070664268784,1.05185403571652,0.301099961575533,0.725168245001035
"DLX4",-0.0802288681528518,-0.048083599172554,-1.05078238057034,0.301584101891413,0.725168245001035
"SALL3",-0.0719876509620239,-0.064945237627813,-1.04639818941124,0.303570405438343,0.725551670883866
"ID1",0.0605698567871643,0.00805840506493694,1.04131780126972,0.305883518372133,0.725551670883866
"INSM1",0.0742626287978584,0.0576004198283919,1.04082663892824,0.306107794321902,0.725551670883866
"BHLHA15",0.057854373236777,-0.175989072903798,1.04039735532184,0.306303908700189,0.725551670883866
"NR2F6",-0.0547836996693192,-0.142869601572715,-1.03847683029397,0.307182353390087,0.725551670883866
"MNX1",-0.0530112221038519,0.0580656699868755,-1.03705072776331,0.307835781908158,0.725551670883866
"ISL1",0.290062886214692,-0.87598218763788,1.03543082973019,0.308579176311308,0.725551670883866
"NFYA",-0.0971049481593975,-0.21555219871315,-1.02892899235391,0.311575493212093,0.728825391636931
"NKX2.5",0.0616766225226423,0.118909004253823,1.02815537588089,0.311933343930746,0.728825391636931
"NR1I2",0.0817880715361754,0.0528820703568537,1.02586069816797,0.312996461883033,0.729016837552018
"SFPQ",0.131336966698407,-1.34748272074761,1.01860866948787,0.316372754640794,0.734175899179339
"NKX2.2",-0.0789354443219471,-0.0344290067905287,-1.01686621996973,0.317187703413954,0.734175899179339
"USF2",0.081893362092143,-0.195705289254072,1.01086006258104,0.320007867138291,0.738403246222826
"NEUROD6",-0.0473873139721419,0.0562966648905906,-0.999018967217023,0.325618078147261,0.745969047018665
"MECOM",-0.0701676063423413,0.0876836239033373,-0.998851111443012,0.325698086597309,0.745969047018665
"NFATC4",0.0587998021047434,-0.0356126099242916,0.997591919332472,0.326298708319066,0.745969047018665
"FIGLA",0.0658895907277979,-0.148397658385994,0.989218514366561,0.330311944166427,0.748084594316522
"RFX1",-0.0744804101752617,-0.00577838097410106,-0.987104510872462,0.3313304320357,0.748084594316522
"SREBF1",0.0487013142948046,-0.12454052702102,0.9861928139792,0.331770327914883,0.748084594316522
"PML",0.0518574105765284,-0.109843734366788,0.985714499946701,0.332001273943907,0.748084594316522
"TEAD1",-0.103453455434971,-0.183626711624343,-0.984499204645903,0.332588549557528,0.748084594316522
"SMAD9",0.0883582804877117,-0.0222530379443229,0.983100880314901,0.333265142286364,0.748084594316522
"PROX1",-0.0884739652261152,-0.104905431395565,-0.979837323818269,0.334847870597189,0.749373397149733
"HEY1",0.0573640847675028,0.0255020314959904,0.972045111729985,0.338647390756692,0.754929204254911
"HOXB3",0.0619268566779521,-0.0172983181264564,0.96961267629395,0.339839384713014,0.754929204254911
"STAT6",0.0523157098297827,-0.141048185558134,0.968514260808816,0.340378577961501,0.754929204254911
"AIP",0.0720941581683528,-0.10119865511671,0.966328707043952,0.341453139073571,0.755058578368045
"ZNF331",-0.0487608227267307,0.188180767537654,-0.961998850058531,0.343588702593701,0.755652463543572
"ATF1",0.049786224552583,-0.107968314963142,0.955191723295173,0.346964165324521,0.755652463543572
"BHLHE41",0.0815340709303129,-0.0752352308255805,0.955125646043345,0.346997039390883,0.755652463543572
"EMX2",-0.0553342525897205,-0.118937171764977,-0.953432342019045,0.34784018418692,0.755652463543572
"SP7",0.0363925273019826,-0.135783844782122,0.947549631074826,0.3507799728532,0.755652463543572
"ZNF382",-0.054543719576865,-0.148272342674285,-0.945980778613241,0.351566765994015,0.755652463543572
"MTA3",0.0551651398651401,-0.0340850361121292,0.945858991751238,0.35162789220481,0.755652463543572
"NR2C1",-0.0377558091365211,-0.218598110876103,-0.944868515710519,0.352125285779527,0.755652463543572
"SON",0.0921516553787003,-0.845941124366927,0.944706405787817,0.352206738038278,0.755652463543572
"FOS",-0.0472568650845492,-0.0421297441768969,-0.94412207057473,0.352500441607458,0.755652463543572
"ZFPM1",0.119021260896436,-0.325548375935098,0.938063219962703,0.355555377804414,0.755652463543572
"SMAD3",-0.0482590130117235,-0.0355471165499992,-0.936337254813063,0.356428826670393,0.755652463543572
"ZNF410",-0.0464780206922323,0.00361407782371954,-0.936068603976119,0.356564908754846,0.755652463543572
"TBX5",-0.0455825382266176,0.0242299316541605,-0.935927340601222,0.356636477925431,0.755652463543572
"KLF10",0.0634331934981907,-0.0764230378872551,0.935255198812117,0.35697713957442,0.755652463543572
"FOXE1",0.0500389933009052,0.0122729357875355,0.933073566027175,0.358084338473039,0.755842793992808
"TEAD4",0.0482952246651547,-0.123860099852441,0.928649198356347,0.360336701508836,0.758442405725396
"TAL1",-0.0392626508093578,-0.0291456872700393,-0.920649607759383,0.364432785644521,0.76221297274472
"PPARG",-0.0468513763758093,0.0444274139308796,-0.917761606934848,0.365919024231828,0.76221297274472
"ZNF148",0.0804959765534471,-0.144359697223081,0.916257477697807,0.366694657434079,0.76221297274472
"TFDP3",0.0388975440401812,0.0316819110762873,0.914601765668162,0.367549700354751,0.76221297274472
"LHX2",0.0645533232826987,0.157136122439399,0.913841252667975,0.367942881093883,0.76221297274472
"UBTF",-0.093714523691477,-1.72367861109157,-0.913183313772515,0.368283253318108,0.76221297274472
"DEAF1",-0.0646452558378066,-0.0222547269030107,-0.907819442950121,0.37106582103367,0.765838625077824
"SMARCC1",0.0859141161380226,-0.31133261242772,0.903671891276347,0.3732267741174,0.766257692982998
"NFE2L1",-0.0871088102878475,-0.181481890120877,-0.901591000687556,0.374314032616478,0.766257692982998
"ATF4",0.124909268670069,-0.559622965117574,0.897513608301024,0.376450411329859,0.766257692982998
"TFAP2C",-0.0406330071858686,-0.116971065277417,-0.895941901608573,0.377276022932581,0.766257692982998
"PHOX2A",0.187488217858518,-0.624852347552861,0.895273768413715,0.377627345417028,0.766257692982998
"SMAD7",-0.0839339238533276,-0.027357623863464,-0.892127965930466,0.379284335731991,0.766257692982998
"CTBP1",0.0569344532926095,0.0282117453521653,0.891783804752481,0.379465900430266,0.766257692982998
"TLX1",-0.0487832088600986,0.110680150696087,-0.891682627197269,0.379519288045415,0.766257692982998
"TCF7",0.044794760581736,-0.29730152348695,0.880355230087802,0.385526967432376,0.774948137487868
"GBX2",0.048713970255868,-0.133361846053116,0.879637690773502,0.38590957048521,0.774948137487868
"ZNF143",0.0907625546033195,-0.43236560294111,0.877306073607623,0.387154504471152,0.77535255208104
"GLI2",-0.047305699120609,0.00755378488185316,-0.874223931297197,0.388804111345847,0.776563050349366
"NR0B1",0.0578801180515981,0.0314422658179253,0.867938507077411,0.392182054651997,0.781209830044059
"SMARCA5",-0.0877551339916817,-0.410980001949034,-0.863492495274011,0.394582699589833,0.782053042901127
"TBX20",0.0922978734902822,0.0363419623915764,0.863256316345041,0.394710485986437,0.782053042901127
"ARID4B",-0.0642957068263666,-0.133617945515938,-0.853125411974477,0.400216598589929,0.786110525979156
"MXI1",0.0423834030776824,0.112878212948953,0.851492683318526,0.401108495532964,0.786110525979156
"ESRRG",0.0595660681159894,-0.0689989429467377,0.848265057028181,0.402875306269427,0.786110525979156
"SOX17",-0.0561987890431591,0.0275761712063007,-0.847908897532826,0.403070568357683,0.786110525979156
"FOXJ1",-0.0636604833302673,-0.0758520043336099,-0.847001719685676,0.4035681914128,0.786110525979156
"NR5A1",0.0426447081292285,-0.0905760701353316,0.842040716882888,0.406296322405665,0.786110525979156
"DMRT1",-0.0631706274736262,0.141144097668706,-0.839964364924875,0.40744156259407,0.786110525979156
"BCL6",-0.0567460095006679,-0.00915150898860167,-0.839582824400478,0.407652225971042,0.786110525979156
"HNF4G",0.0478879080285639,0.0218303711235705,0.837730385607622,0.408675997792694,0.786110525979156
"FOXH1",0.0471337636310493,-0.0231284577965307,0.836396139194621,0.409414379035784,0.786110525979156
"ID2",0.0826513708791402,-0.107222705556907,0.834380482841955,0.410531435754275,0.786110525979156
"E4F1",-0.112288189563579,-0.496814038278481,-0.832676971610577,0.411476985084875,0.786110525979156
"RARB",0.0553292446536371,-0.0588820209844362,0.829938899053399,0.412999616709785,0.786110525979156
"NCOR1",-0.0381809225870466,-0.168423207081505,-0.82955780799575,0.413211817400464,0.786110525979156
"SOX3",0.0501692868113051,-0.00424488674898995,0.829287533929887,0.413362353589624,0.786110525979156
"CREM",0.0381371115250074,0.155072522699845,0.823783417826253,0.416435424705651,0.786110525979156
"KLF17",0.0554036402633608,-0.18530593191612,0.822047914019288,0.417407322285741,0.786110525979156
"NR1I3",-0.0514009738066462,-0.000598496747193721,-0.82158583338295,0.417666327917207,0.786110525979156
"LHX1",0.0671221541146095,-0.189400586901764,0.821585007137971,0.417666791133393,0.786110525979156
"MTF2",0.0694324037509536,-0.0733794198062345,0.82113560502741,0.417918785682055,0.786110525979156
"TP63",0.0463992590841935,0.00730819413001124,0.817869734014556,0.419752889107327,0.78667308428462
"POU2F1",0.0805527247340837,-0.371773383063146,0.816548562790174,0.420496263654811,0.78667308428462
"RFX5",-0.0494534067375509,-0.25000513842622,-0.81495462033981,0.421394195888666,0.78667308428462
"NOTCH1",0.0374466544865673,-0.0310711684785545,0.803858247172682,0.42767788729959,0.794433310077565
"YAP1",-0.0512576491909415,-0.172209440119945,-0.802559212335894,0.428417236862776,0.794433310077565
"ID3",-0.0431920065314131,-0.0169682087582281,-0.800137197044049,0.429797816695111,0.794433310077565
"RXRG",0.0506106976701369,0.263113005556627,0.798480209884219,0.430743881410593,0.794433310077565
"NFATC3",-0.0590883578112216,-0.0953297671361101,-0.798211878244598,0.430897205869796,0.794433310077565
"NFATC1",-0.035451247275515,-0.00778076954799796,-0.796074041127652,0.432119950629857,0.794715651777187
"FOSL2",0.0533625968569238,-0.144073331579029,0.7938464566477,0.433396268452988,0.795094882618691
"TCF20",0.0412823269588313,0.0372381818215519,0.785858640780629,0.437991750043852,0.79926199297249
"RUNX1",-0.0574998757859723,-0.00808662060728457,-0.783596627165597,0.439298438857556,0.79926199297249
"DLX1",-0.0416857410752057,-0.0559333916361012,-0.782861316069995,0.439723708776886,0.79926199297249
"MKX",-0.0566049073392749,0.132966652819541,-0.782434627996755,0.439970599092528,0.79926199297249
"ZNF160",-0.0375703203238126,0.0467156096476911,-0.778459710841333,0.442274574539782,0.800266508366254
"IRF4",0.0401421955656582,-0.116172077781185,0.776511476594912,0.443406467965323,0.800266508366254
"LMX1A",0.0421587358541338,0.0783460071833062,0.775912556618899,0.443754779874693,0.800266508366254
"ONECUT1",-0.0346735794204101,0.142757574439273,-0.766546707574733,0.449222947620092,0.80700772734529
"PRRX1",-0.0489449310297866,-0.0609366895028493,-0.763501675526749,0.451009370831953,0.80700772734529
"OLIG1",0.0506959130803768,0.00972478423600335,0.762452215477231,0.451626032276123,0.80700772734529
"PATZ1",0.0684938764934843,-0.255345720364935,0.760679955361354,0.452668545743706,0.80700772734529
"XBP1",0.0465952795536908,0.0420435827721818,0.760246763458414,0.452923583180331,0.80700772734529
"CEBPG",0.0444813276420152,-0.0402982231609085,0.753292745620754,0.457029333519751,0.808177757169105
"EN1",0.0460387392808312,0.02686377956927,0.750704154981815,0.458563262338545,0.808177757169105
"OVOL1",-0.0335173420180465,-0.0784652439625006,-0.750048454981356,0.458952292845582,0.808177757169105
"ARID1A",0.0979157191272552,-0.258015557821672,0.749456602973091,0.459303608617136,0.808177757169105
"PPARGC1B",-0.0671117439734388,-0.167113964194425,-0.746640432563714,0.460977415785959,0.808177757169105
"DLX5",0.0631682407783002,-0.137522002899233,0.74412563286982,0.462475121805056,0.808177757169105
"NSD2",-0.0509439644713048,-0.134452581777599,-0.743998352517173,0.462551000169569,0.808177757169105
"PAX3",0.0351603889351607,0.0107431448911886,0.743579552078434,0.462800720095353,0.808177757169105
"TFDP2",0.0473733272371672,-0.0583450176892511,0.742625736157433,0.463369750409204,0.808177757169105
"NR2E1",0.046788777806599,0.0871340919961482,0.737940175672394,0.466171011560663,0.80988441238538
"HOXC6",-0.0375269343126598,-0.162819110229749,-0.737115240781471,0.466665218606515,0.80988441238538
"NR0B2",-0.0489972735824824,-0.122541586098666,-0.734356569350872,0.4683201150609,0.80988441238538
"NACC1",-0.0630203805783098,-0.0365828124871103,-0.733710227614116,0.468708340949816,0.80988441238538
"CEBPB",0.0377850018362298,-0.0942949990696439,0.730680595641569,0.470530582655588,0.810042140875086
"ELK1",-0.0310020443123693,-0.162011766528484,-0.729934302468629,0.470980087292109,0.810042140875086
"NFYC",-0.0759746607942871,-0.785382152681219,-0.717793949729886,0.478327259889909,0.814209881268808
"MEOX2",0.037489967123892,0.0794710084448403,0.714222342930151,0.480501201839877,0.814209881268808
"EOMES",-0.0405177409043347,0.0121304787701567,-0.713342351333179,0.481037695800516,0.814209881268808
"HNF1A",0.0466909665557356,-0.0431106224703783,0.712920731570223,0.481294860948556,0.814209881268808
"FOSB",-0.0354393897631347,-0.0870203518178113,-0.712532494327861,0.481531734025075,0.814209881268808
"SOX10",-0.0618096430500621,-0.141326535843551,-0.711316155472292,0.482274283167048,0.814209881268808
"HOXB6",-0.0506070754953725,-0.0860415691006225,-0.711312820177902,0.482276320191616,0.814209881268808
"THRB",0.0362378168736403,0.00593699942712757,0.710092153281225,0.483022169737683,0.814209881268808
"MEIS1",0.0714023075579438,-0.174449962065804,0.709693507558343,0.483265891843263,0.814209881268808
"PBRM1",0.0729701616981071,-0.189571038708486,0.707132027414915,0.48483358790344,0.815003067448543
"CDX2",0.0365783167824366,0.0533983017027405,0.703752276780776,0.486906506167742,0.815388650465926
"STAT5B",0.0489191279970867,-0.20590590257261,0.703180292284198,0.487257820736031,0.815388650465926
"EGR4",-0.0603738792183605,-0.120088145296967,-0.696114732974728,0.49160933616912,0.820821880390238
"PPARA",0.0457113254410871,-0.107649288917623,0.692841337148541,0.493632745164346,0.822352308648227
"CEBPD",0.0379303758891365,-0.15446244476023,0.68949327966464,0.495707137387724,0.823960633286529
"KDM2A",0.0810023305197052,-0.509578900662043,0.68691678895614,0.497306801632186,0.82477445002838
"LEF1",0.0296786410986997,0.0514721808522096,0.681717420927482,0.500543700350045,0.828293918396623
"SNAI2",-0.0553918887812895,-0.105338650934534,-0.679888704967391,0.501684960360774,0.828337612329012
"PA2G4",-0.0614335693199408,-0.681859902474445,-0.673199668870386,0.505871725225746,0.833398429806496
"POU2F3",-0.0457801037762223,0.010748873286785,-0.660893582161593,0.513624441673658,0.844298584432584
"NR5A2",0.0350265128136026,0.0507507371244792,0.657263560440772,0.51592366096801,0.846205916333844
"PGR",-0.0380264591874986,0.0666072542197845,-0.651938857825274,0.519306388302218,0.84704187442277
"HDAC1",-0.0484730680118355,-0.0454311154081497,-0.651646534121861,0.519492445888693,0.84704187442277
"IRF9",0.0361500540581366,-0.0587484094503338,0.651079544873322,0.519853424948564,0.84704187442277
"NUPR1",-0.034446598101475,0.0852910553086011,-0.6447713557258,0.523878735861031,0.851732824386753
"LMO2",-0.0316411490995154,0.0959397942861849,-0.639959654323064,0.526960367121387,0.854263050251143
"ZHX2",0.0341730053094004,0.0722593153885809,0.637738200267644,0.528386357102827,0.854263050251143
"PLAG1",-0.0298838302824068,-0.052503590268998,-0.634378055704958,0.530547206180365,0.854263050251143
"KLF6",-0.0321439970298323,0.0638110700051179,-0.632360945365235,0.531846632325085,0.854263050251143
"PHF20",-0.0483991356517517,-0.25288820418445,-0.63161492169167,0.532327650564023,0.854263050251143
"PRDM4",-0.0303618859571695,0.000974491985029522,-0.631155736662106,0.532623837009907,0.854263050251143
"GATA1",-0.0326175044340328,0.0148065781013054,-0.627832043191512,0.534770314026122,0.854263050251143
"TBX18",-0.051546425719006,-0.0923862187538283,-0.62681832595904,0.535425893936338,0.854263050251143
"ZNF354C",0.0263038011536395,0.179730439981233,0.626266802481302,0.535782747533018,0.854263050251143
"MAF",0.0420466317202159,-0.0283846974814653,0.622711631267318,0.538086072550775,0.856098398083996
"EPAS1",-0.0368985552646406,-0.0871422311849003,-0.619099109633365,0.54043188610936,0.856683818172926
"FLI1",0.0328263910264472,-0.00372139838057618,0.617633080709512,0.541385390295017,0.856683818172926
"LMX1B",-0.0485193179237061,0.0110328905403509,-0.616822380018291,0.541913047834826,0.856683818172926
"DLX3",0.0382817568311917,-0.178695266213531,0.612937244734098,0.544445483108204,0.85770397615879
"LYL1",0.0362006522336797,-0.14027812781141,0.611947317148215,0.545091730024941,0.85770397615879
"ETV6",0.0289182731072945,-0.0042978856662163,0.602276232553827,0.551426188236302,0.85770397615879
"NRG1",-0.0264502872267928,0.0745135501760028,-0.601684348551203,0.551815096170254,0.85770397615879
"KDM5B",0.0315929333757415,-0.143471956912592,0.599690371119511,0.553126314511402,0.85770397615879
"BMAL1",0.0317659021533357,-0.128015585752825,0.599633799915785,0.553163538508233,0.85770397615879
"FOXA3",0.0269659573795369,-0.0717762575853795,0.595960730515181,0.555583182709272,0.85770397615879
"EBF3",0.0402804477619782,-0.146225591869668,0.595121119305922,0.5561370396381,0.85770397615879
"FOXA1",0.038067899321775,-0.0416035469056848,0.595044178476352,0.556187808472318,0.85770397615879
"ZBTB18",-0.0648509337250068,-0.141446941377673,-0.592275869564077,0.558016033650065,0.85770397615879
"MAFB",-0.0341874493261356,0.191023504679691,-0.591857730748443,0.55829244413728,0.85770397615879
"NFKBIB",0.0400479385347267,-0.06861702194102,0.591826811818454,0.55831288585671,0.85770397615879
"BCL3",-0.0297674836650427,0.0791091952195548,-0.590003766618026,0.559518847363197,0.85770397615879
"JDP2",-0.0275314614129492,0.00713636895837874,-0.589668155316219,0.559741001898107,0.85770397615879
"SOX2",0.064299088735999,-0.203269300907095,0.589467171672655,0.559874062499345,0.85770397615879
"SIX1",0.0401423294264496,-0.216937358971768,0.58596097183764,0.562197918172518,0.859491879016834
"MYOD1",0.0335946607863363,-0.00390341518335041,0.571611584112392,0.571759136159298,0.87024749965373
"HES1",-0.0415904438812881,-0.0534911778462902,-0.570253925807626,0.572667951930296,0.87024749965373
"MECP2",0.0222803934257412,0.0578661008927259,0.570135875843064,0.572747008520423,0.87024749965373
"NFKB2",0.0426543523397585,-0.0343103549633639,0.566872786499412,0.574934408516963,0.870800135518211
"TOX",-0.0396568733923993,-0.026907914077356,-0.566097492803952,0.575454732892923,0.870800135518211
"POU2F2",-0.0363087235772598,0.113868800006481,-0.560056031571198,0.579517331328477,0.875165400766379
"NR4A1",-0.0372996123808908,-0.0442202473554217,-0.554968432018829,0.582949424136113,0.876726508685271
"HBP1",0.0324473643855042,-0.0202084958933954,0.55274073443534,0.584455354976446,0.876726508685271
"ZBTB7B",-0.0366691304737983,-0.0468727432098906,-0.549365480027025,0.5867406511095,0.876726508685271
"STOX1",0.0342762269149406,-0.139782080778564,0.54890972047257,0.587049566707413,0.876726508685271
"LITAF",0.024741183334478,0.0687231473539396,0.548146703125105,0.587566919737779,0.876726508685271
"SALL2",-0.0291833866875037,-0.0103702201374391,-0.548052280022566,0.587630957369132,0.876726508685271
"VHL",0.0892087490386663,-0.78641117989357,0.542982082857986,0.591074525375605,0.877224971808367
"RXRB",0.0347545899274146,0.0773397876157227,0.542689802164545,0.591273332691785,0.877224971808367
"SIN3A",-0.0732351774377268,-1.19133503966584,-0.538304994260165,0.594259714066003,0.877224971808367
"CXXC1",-0.0676974431693914,-0.267844730133107,-0.537516100603501,0.594797776994583,0.877224971808367
"FHL2",0.0287039963414147,-0.0564847576844399,0.536707939201999,0.595349223523919,0.877224971808367
"FOXF2",0.0230427511819449,0.0507360383152876,0.535022083297307,0.596500349805625,0.877224971808367
"SNAI1",0.0327213698846187,0.0241442239487231,0.534335976255477,0.596969137811802,0.877224971808367
"KLF12",-0.0307846682100299,0.150523772174165,-0.533690570472527,0.597410276897757,0.877224971808367
"HMGB2",0.0273122768116628,0.171430163055291,0.531405484686749,0.59897339699408,0.87778547133452
"NFE2L2",-0.0413170703647971,-0.192697926876529,-0.527750346141154,0.601477744068288,0.879720401265232
"SMARCB1",0.0830494349475821,-0.979152817432889,0.525204688868103,0.603224846133764,0.87994135195868
"SPIC",-0.0378568071802877,-0.114650185138599,-0.521018240508397,0.606103232653434,0.87994135195868
"POU4F3",0.020204270804666,0.0227410188673445,0.517875753680405,0.608268074112618,0.87994135195868
"IRF8",-0.0250338742396776,0.043342061999002,-0.516989780886285,0.608879068738378,0.87994135195868
"USF1",-0.0289471825398655,-0.136470198268901,-0.516215152106689,0.609413511861014,0.87994135195868
"SP2",0.0431555752961005,-0.106194966483983,0.51510571887873,0.610179329211572,0.87994135195868
"HOXC8",0.0219198019706078,-0.124118686510165,0.513833702863382,0.611057925366232,0.87994135195868
"HOXB7",0.040486395169147,-0.127572190648153,0.512778469500439,0.61178723361504,0.87994135195868
"TGIF1",0.023150997453243,-0.0132340512090975,0.512054844577567,0.612287589451733,0.87994135195868
"NOTO",0.0269234038344512,-0.139658769591288,0.507666817165441,0.615325783217759,0.880658836317165
"CRX",0.0298658007265774,-0.12456921300567,0.506409545920137,0.616197576693491,0.880658836317165
"KCNIP3",-0.0279456555811258,-0.0694203924476952,-0.505661564263739,0.61671649795927,0.880658836317165
"MBD1",-0.0444980406500968,0.0616394055841038,-0.500737045170345,0.620137951218808,0.880658836317165
"NCOA3",-0.026075070084171,-0.178080394811365,-0.498978034401396,0.621362175796595,0.880658836317165
"SMARCA1",-0.0197216723985825,0.0428360703036312,-0.495890356924318,0.623513778166362,0.880658836317165
"SMAD1",-0.0331476502593396,0.0872686138382476,-0.494000814197958,0.624832144970995,0.880658836317165
"NHLH1",-0.0342425659994172,0.155910668100771,-0.49292192953486,0.625585467497765,0.880658836317165
"NCOA6",-0.0347204525886273,-0.213988904048768,-0.491207951145031,0.62678308305629,0.880658836317165
"ELF1",-0.0282001866396293,-0.0983658367551611,-0.491085124620447,0.626868945884804,0.880658836317165
"SKIL",-0.0270598093655181,-0.067907246824656,-0.490994524597233,0.626932283930068,0.880658836317165
"PITX2",0.0188198963585402,0.0472264357734218,0.490883181850925,0.627010127068345,0.880658836317165
"MYF6",-0.0258703338634326,-0.111257770081442,-0.485567081426964,0.630731836093601,0.884214630599143
"SOX6",0.0241882723453109,0.0320329799895923,0.482366974543115,0.632976933300442,0.884556769524824
"ZNF217",-0.0799062568217962,-0.414972621937963,-0.480453601718528,0.634320996385796,0.884556769524824
"SATB1",0.0761694059417339,-0.205534864397964,0.479428024661737,0.635041942479659,0.884556769524824
"MZF1",-0.0371665419573454,-0.242808824371981,-0.47843837934424,0.635737974328743,0.884556769524824
"NR1H4",0.0288149988170875,-0.122805581887724,0.473780056708613,0.639018769566632,0.885471679932896
"HDAC5",0.0350738859676198,-0.219770677972125,0.473523820682942,0.639199449352271,0.885471679932896
"GATA6",0.0240409347191753,-0.0553571441286264,0.47243029001865,0.639970783477746,0.885471679932896
"SP1",0.0394886180744538,-0.0100040693650685,0.470076712646333,0.641632290948911,0.886120431552121
"ETV3",0.0387186998811792,-0.0301463271959788,0.466052782713833,0.644477347688234,0.886285113200687
"MTA2",-0.0291474942866849,-0.218181007265328,-0.465316794912282,0.644998309829902,0.886285113200687
"ESR1",0.026159972017184,-0.0384853920364674,0.464848228314959,0.645330075695251,0.886285113200687
"GATA4",-0.0329012148728468,-0.0176910547114515,-0.461062361173096,0.648013350385094,0.888328264457795
"TFCP2",-0.0311802247881045,0.0267168850946598,-0.457461713280479,0.650569809971875,0.889251063980444
"BHLHE40",0.0216201638916173,0.0256033085618287,0.456210722149724,0.651459026667056,0.889251063980444
"IKZF2",-0.0203659855154509,0.148196178883948,-0.455060570110975,0.652277025396153,0.889251063980444
"FOXO1",-0.0222978515702657,-0.126539508387503,-0.445004375171245,0.659447699441121,0.895358152720334
"FEV",-0.0352225731013824,-0.000818567393818453,-0.445000048063737,0.659450792074761,0.895358152720334
"E2F1",-0.0319145442175549,-0.0837723621652706,-0.443414823884249,0.660584180834061,0.895358152720334
"PTF1A",-0.0447901403121211,-0.110649563526049,-0.440630585652891,0.662576807473966,0.895358152720334
"KAT7",0.0381360200939345,-0.310056159227364,0.4400589747211,0.662986209583215,0.895358152720334
"KLF4",0.0190103086195873,-0.0130832131337547,0.438662280416805,0.663987001546304,0.895358152720334
"CREB3",0.0189312817624683,-0.146576739962137,0.435002435764229,0.666612420317144,0.896479931151498
"KLF11",0.0271341815462255,-0.0413061317783619,0.434139563816957,0.667232034894722,0.896479931151498
"PRDM2",0.0244199611844428,0.117181123140556,0.432087490625522,0.668706552359424,0.896839293146303
"DMTF1",0.035200399162958,-0.0450011397863488,0.424171929095351,0.674406812095765,0.90219417467651
"HAND1",0.0482654305622755,-0.0969793392582968,0.423172683150395,0.675127807698708,0.90219417467651
"POU5F1",0.0288562753166844,-0.0797026985377901,0.417634743927352,0.679129309818693,0.905912167316497
"SSRP1",-0.041840983719894,-1.39278799651395,-0.415373280616109,0.680766098024017,0.906180028845006
"TFAP4",0.0483907988483,-0.14728853094919,0.413988202088323,0.681769362213134,0.906180028845006
"POU4F2",0.0217454123523986,-0.0623117094605732,0.411733923945387,0.683403483036649,0.906729978386126
"SMAD2",0.0205813510389854,0.0144710400236301,0.401224705821997,0.691042044706217,0.912386587338773
"DBP",0.0209893016245026,-0.161026525335691,0.400570793142801,0.691518440362636,0.912386587338773
"HDAC9",-0.0189305678112266,0.0973895500032388,-0.400283670193562,0.691727658847543,0.912386587338773
"ZNF76",-0.0179406867209474,-0.138368556970291,-0.399115972013244,0.692578782313685,0.912386587338773
"NKX3.1",-0.0268875855330748,0.11406467902498,-0.391148409325327,0.698397086477287,0.915722163152326
"CREB5",0.0185182342224099,0.0666549421329881,0.39078167247154,0.698665347355144,0.915722163152326
"E2F5",-0.0225420841415522,0.0489338441938618,-0.388258709523632,0.70051191483979,0.915722163152326
"GATA5",-0.0304180793453966,0.00594865016717299,-0.388108671556002,0.700621786962149,0.915722163152326
"NRL",0.0180683175634639,0.0520321412646828,0.386468410969991,0.701823370717243,0.915722163152326
"ELK3",-0.0191395734715714,0.111197887640209,-0.385537638611944,0.702505562579847,0.915722163152326
"WT1",-0.0197846388626107,0.045764141452471,-0.378018774279262,0.708025553079908,0.919389007826955
"HOXA11",0.0340499889637564,-0.147857207846789,0.377381376711788,0.708494246262301,0.919389007826955
"ZNF219",0.0170541591560919,-0.00740346405568843,0.375115775959715,0.710161131906385,0.919389007826955
"HOXC13",0.0206180638778009,-0.0989284554980237,0.374970285985608,0.710268224081658,0.919389007826955
"NPAS2",0.025059775037734,0.0396877333610204,0.372735043999877,0.711914293446401,0.919818084731959
"SRF",-0.0447844026006392,-0.338878453324019,-0.370357915179424,0.713666398042217,0.919818084731959
"TBX10",-0.0207092336300272,-0.147274651455527,-0.369480328056535,0.714313640498439,0.919818084731959
"HOXA10",0.022202093480169,-0.0271446723520925,0.367276062761314,0.715940292056863,0.920317711069636
"KLF8",-0.0186659219144449,0.00578302697258924,-0.363493919529754,0.718734500739478,0.9208672119319
"REL",-0.0244353953671507,0.0212754545842128,-0.363342372162093,0.718846544980487,0.9208672119319
"GRHL2",-0.023078866423765,-0.064556839353078,-0.359348332123838,0.721801757631892,0.921004593401232
"KAT2B",0.0315068122558523,-0.0500271837963179,0.358097463344549,0.722728181990187,0.921004593401232
"HESX1",-0.0320869734972992,-0.0900789755716008,-0.355506290387889,0.724648625235651,0.921004593401232
"BTG2",0.0201808686945694,0.0342292560551635,0.355328903072303,0.72478016222979,0.921004593401232
"ZNF699",-0.0240198236530406,-0.072736248195059,-0.349952094260625,0.728771225563316,0.921004593401232
"MYOCD",0.0157127441334036,0.0542497734264246,0.348969174618168,0.729501659797206,0.921004593401232
"ZBTB33",0.0124365699258052,0.0389338105469321,0.348758494896719,0.729658255175347,0.921004593401232
"ZBTB38",0.0156474424183324,-0.0805737215628891,0.348421180692068,0.72990900088823,0.921004593401232
"ELK4",0.0163486946931063,0.0473254767871999,0.348150861582796,0.730109967043507,0.921004593401232
"SHOX2",0.0342514083292606,0.0649009180327185,0.34471206408853,0.7326682016218,0.922665209838979
"PHF5A",0.0651282890358887,-2.36562842325702,0.339435363314635,0.736599773080422,0.925029357922726
"TFAM",0.0409558650166111,-0.55369635599567,0.338851153525821,0.737035504562926,0.925029357922726
"FOXL2",0.0227068666237213,-0.113810018988031,0.336817351412071,0.738553102463581,0.925124454545748
"PLAGL2",-0.0226235474812306,-0.188761628098549,-0.335413162568031,0.739601515478027,0.925124454545748
"IKZF1",-0.0152445031083587,-0.00944961686517955,-0.330397322400903,0.743350641281433,0.926012405121674
"HSF1",0.0422579115946296,-0.387745684048513,0.329380104804017,0.744111751083337,0.926012405121674
"HLF",-0.01502444868154,-0.100701342746752,-0.327904309376605,0.745216447674795,0.926012405121674
"ZFPM2",0.0184261950344073,0.00588724773917833,0.32779718032563,0.745296659842208,0.926012405121674
"PROP1",-0.0204615467700736,-0.0163510791073457,-0.323004967255287,0.748887750190804,0.928301215188916
"ZBTB17",-0.0278230354086225,-0.673556112364498,-0.319313111552651,0.751658185567794,0.928301215188916
"HOXA1",-0.0169325707314273,0.0193377837791636,-0.318091100949005,0.75257594706773,0.928301215188916
"PAX5",-0.0167720951811703,-0.0618777002377451,-0.316772441083196,0.753566706597303,0.928301215188916
"APEX1",-0.0169831667740899,-0.0908427150308487,-0.315710236069559,0.75436509170859,0.928301215188916
"MEF2A",0.0200490209579384,0.0866577629469125,0.314616846655625,0.755187203832674,0.928301215188916
"MXD1",-0.0190256682286546,0.25945116743321,-0.313454434707193,0.756061532818645,0.928301215188916
"PITX3",0.0177974241106912,-0.0693924212473296,0.312029240660682,0.757133965551121,0.928301215188916
"MYOG",0.0170629816552095,0.0538049442357952,0.306768553785226,0.761096773169825,0.929516781325751
"IRF3",0.019195465682468,-0.0640848405147208,0.305332322120589,0.762179817302767,0.929516781325751
"ZFP64",-0.0155021614797589,0.0271215516866507,-0.304779762952958,0.762596625573205,0.929516781325751
"ASCL2",0.0207386987860674,-0.0401182412401783,0.304073443057043,0.76312952437242,0.929516781325751
"HR",-0.0206230382869874,0.0575361301826922,-0.29980979618662,0.766348821867746,0.931436121035007
"SRSF2",-0.0419415235725157,-2.25471038428706,-0.295116513928083,0.769897418918267,0.931436121035007
"MITF",-0.0185015027632143,-0.0711125112196338,-0.293339769667799,0.771242143224878,0.931436121035007
"TWIST2",0.0176055683714821,0.0256539104386646,0.293158215143739,0.771379593017604,0.931436121035007
"RFX3",0.0154741851774808,0.04691038855663,0.290575142056386,0.773335978629039,0.931436121035007
"FOXI1",0.0155199542817252,0.0818616083158382,0.288957401300307,0.774562005402011,0.931436121035007
"VSX1",0.0209298534250496,0.0647263285092329,0.288672412217014,0.774778049491649,0.931436121035007
"HSF4",0.0175721561935566,-0.249825190498139,0.287163565410348,0.775922178397585,0.931436121035007
"HIC1",0.0164375380967491,-0.0423097798337374,0.286766952981639,0.776223006672828,0.931436121035007
"TCF7L2",-0.0212069317535258,0.121428508021765,-0.285278211769738,0.777352522467697,0.931436121035007
"IRF5",0.0179196673651537,0.025742633783228,0.278503663351561,0.782498613762565,0.931436121035007
"MAFG",-0.0231423423018191,-0.215725258210067,-0.275614559331329,0.784696296672305,0.931436121035007
"SPIB",-0.0126851615449704,-0.01127913060633,-0.274222106842431,0.785756152194734,0.931436121035007
"NFYB",0.0226593240080554,-0.614823326000168,0.271040648499764,0.788179258659113,0.931436121035007
"KAT6B",0.0196707670878772,-0.128507533210745,0.270376504344821,0.788685365823314,0.931436121035007
"ZKSCAN7",0.0265458672448402,0.145957635920842,0.26953745496583,0.789324892333938,0.931436121035007
"HOXD1",0.0200479256800977,0.0939697733507916,0.268235378235812,0.790317634899872,0.931436121035007
"RARA",0.0203246009884592,-0.0342840948710982,0.267848905290293,0.790612362361037,0.931436121035007
"ARX",-0.0150401029840952,0.00746929480677563,-0.266763005552777,0.791440646580162,0.931436121035007
"ESR2",-0.0107213354807311,-0.0658391802834596,-0.261430976776639,0.795511291141982,0.931436121035007
"CREB1",0.0228846903782677,-0.125677461971607,0.261291137792858,0.795618127996899,0.931436121035007
"NFIL3",0.0122059675292716,-0.0439674762523794,0.259418794364286,0.797048983334464,0.931436121035007
"TBP",-0.0267956954578747,-0.943715824572456,-0.259069800419083,0.797315765807101,0.931436121035007
"KLF7",0.0230309832235585,-0.0703765209961722,0.258862697287965,0.797474094019014,0.931436121035007
"KLF5",-0.0141839255361339,-0.0779900104780887,-0.25622453736268,0.799491703251659,0.931436121035007
"LHX4",0.0171083493360575,-0.121862181403107,0.255793321804268,0.799821621874752,0.931436121035007
"NR1H3",-0.0118697494306678,0.0779444818736442,-0.2548500962751,0.800543404749359,0.931436121035007
"NONO",-0.0462039707213342,-0.291877525370926,-0.253878832574856,0.80128683008592,0.931436121035007
"MAML1",-0.0130634310501929,-0.0151101438691083,-0.253684834078992,0.801435343208095,0.931436121035007
"PBX1",-0.0293980183959694,-0.0617989585965693,-0.250987749769865,0.803500840254508,0.931436121035007
"DNMT3A",0.0116508998890288,0.025794884180436,0.25071616203462,0.803708909299903,0.931436121035007
"STAT3",0.012142333384079,-0.118843024294413,0.249264921541771,0.804820982105619,0.931436121035007
"PKNOX1",-0.0171893917849872,0.00632934513474502,-0.246238929283027,0.807141104416959,0.932668492351167
"PURA",0.0159521133051552,-0.00318056721234324,0.243355815205893,0.809353336027863,0.933772560044569
"ETV1",-0.0177695120088958,0.102703009436335,-0.237303586432061,0.814002433950361,0.937680323139718
"NEUROD1",-0.0151029482749028,0.0476981463406908,-0.234206003895941,0.816384557163936,0.937983334803659
"ID4",0.0124052109443153,-0.0974876875949461,0.233541572613009,0.816895755344349,0.937983334803659
"HOXB9",-0.0163246796961979,-0.196391062215324,-0.232038143963482,0.818052760367121,0.937983334803659
"FOXC1",0.0187540627267136,0.0594385774422809,0.227998999763544,0.821163249134971,0.939337574240894
"PPARGC1A",-0.0100130907391056,0.104681758392537,-0.225867114213255,0.822806178903354,0.939337574240894
"NR1D1",0.0127708590300531,-0.0728757628281205,0.225581179035285,0.823026596003798,0.939337574240894
"HCFC1",0.0267730020185017,-1.6501279948521,0.214544543929981,0.831545372748267,0.947128616033771
"MEF2B",0.0115708487284692,-0.113325160641469,0.213339120719495,0.832477074737627,0.947128616033771
"ERF",-0.0141224637561486,0.0403950076300249,-0.211786963635839,0.833677139819766,0.947128616033771
"NR3C1",0.0109911843888496,-0.0665180855077367,0.207959655381099,0.83663799232977,0.948161524009538
"EWSR1",0.017829331178121,-0.793693993008837,0.205093173428019,0.83885713247071,0.948161524009538
"MEIS2",0.0292504456781198,-0.0780276384086566,0.204439233196712,0.839363581602223,0.948161524009538
"HDAC4",0.0121018340896033,0.0840381197009688,0.20231479908885,0.841009347034124,0.948161524009538
"FOXM1",0.0169581841343947,-0.224459871529536,0.20179165948875,0.841414727233501,0.948161524009538
"IRX1",-0.0136245233694577,0.00256221905318165,-0.200084767439693,0.842737702033287,0.948161524009538
"EP300",0.0420293287958926,-0.400408106334464,0.199076764335659,0.843519202382644,0.948161524009538
"BARX1",0.0138170122876335,0.057029077956278,0.195580035531429,0.846231449576357,0.949773364101561
"HOXA7",-0.0121030370446763,0.0392730407303417,-0.188071286209718,0.852062056070181,0.954874973846371
"TCF15",0.00917852934225339,0.12613080568441,0.182217008813231,0.856613864394689,0.958009269518016
"ERG",0.00942895768072774,-0.0558439294907703,0.181158213478994,0.857437636917202,0.958009269518016
"FOXO4",0.0137693288025642,0.103019879519758,0.175895091506841,0.861534894756119,0.959499023763049
"ZNF423",-0.00971180114210035,0.0951589747147582,-0.17578547099174,0.861620274617938,0.959499023763049
"ARNT",0.0156946994972044,-0.04087273537391,0.169817740569614,0.866270880010092,0.959499023763049
"HOXA9",0.0115899663821529,-0.112629907813009,0.168854194008833,0.867022224767981,0.959499023763049
"PREB",0.0204258718635389,-1.12890638422647,0.167012088242153,0.868458994166401,0.959499023763049
"NFKB1",0.00646479237351294,0.0366850019987656,0.165100995881111,0.869950052374462,0.959499023763049
"CREB3L1",0.00971951242290542,0.0917107707336847,0.165069603343646,0.86997454929336,0.959499023763049
"YBX3",0.00971290649334831,-0.162691802515036,0.164994557227877,0.870033111468372,0.959499023763049
"HSF2",0.00858550405029494,0.00635946748507395,0.164532797604849,0.870393461663923,0.959499023763049
"DLX2",-0.00811160880259758,-0.0462408444446103,-0.157171244667723,0.876142068881306,0.963599701536116
"MESP2",-0.0107177236882884,-0.0542900234226765,-0.155836139142415,0.877185392242113,0.963599701536116
"ZMYND8",0.0214461777644284,-0.316920181306172,0.154788750648935,0.87800403491245,0.963599701536116
"FOSL1",-0.00973057470078041,-0.191307633412845,-0.149980031143806,0.88176429165344,0.966137510938831
"NR1H2",-0.00776995974414066,0.137202827911806,-0.148506570824251,0.882917052392283,0.966137510938831
"HIF3A",0.00863211158551587,0.16113779765525,0.146477346633239,0.884505040254665,0.966451830748847
"ETV4",0.00842086045483804,-0.0883197645590285,0.141920435357447,0.888072858020901,0.967676927546761
"KLF13",0.0105374019158998,0.0513389798895862,0.141718469049794,0.888231042512639,0.967676927546761
"FOXA2",-0.0179482871407919,-0.108167961328111,-0.13914755902325,0.890245042344603,0.967914991785301
"CUX1",0.00986017855459691,-0.0246646691116567,0.138113919070251,0.891054985708138,0.967914991785301
"JUN",-0.011190625469287,-0.368464841965331,-0.13451176892983,0.89387849860035,0.968767761741646
"IKZF4",0.00814219562227914,-0.0989595763041013,0.130088665561371,0.897347436197467,0.968767761741646
"POU3F4",-0.00543614698162663,0.107968321972244,-0.129812642649173,0.897563983602262,0.968767761741646
"MED1",0.0233166001829218,-0.706220629103399,0.128781473702529,0.898373034106381,0.968767761741646
"E2F7",0.00982878454859327,0.109218263473521,0.12730648410916,0.899530496833029,0.968767761741646
"SATB2",0.00697069624357265,0.0835703259873323,0.127137398222734,0.899663197310546,0.968767761741646
"POU1F1",0.00694253042418948,0.123007960396867,0.121298415941134,0.904247475335841,0.972295042220738
"MEF2C",-0.00610051999225168,0.0623989010436043,-0.117707349134346,0.907068554197102,0.973918982324345
"CHD4",0.0154938911113832,-1.17350369591029,0.114300690410635,0.909745903815705,0.975384136414241
"NFAT5",-0.0063948123950956,-0.056736953977564,-0.112278347161148,0.911335808094297,0.975680843536113
"RLF",-0.00677686419664503,-0.111678833432574,-0.103499971410611,0.91824133252329,0.979009792845315
"PAX4",-0.00389175985583018,0.0590335742638206,-0.10088014673516,0.920303502222213,0.979009792845315
"ESRRA",0.00746401088761132,-0.239061212439609,0.0962476499395352,0.923951295485324,0.979009792845315
"NFIA",0.00611380231645192,-0.117455597909784,0.0954713103664585,0.924562779445354,0.979009792845315
"PARK7",0.00571282503912927,-0.125921632474787,0.0951143332321744,0.924843968255988,0.979009792845315
"GABPA",0.0101557143068619,-0.991318394854056,0.0918635235903046,0.927405061104341,0.979009792845315
"HNF1B",-0.00583388945801537,-0.25429225898823,-0.0915819841851047,0.927626904497596,0.979009792845315
"NR3C2",-0.0033635545761407,-0.0186331280943847,-0.089271784076423,0.929447484338046,0.979009792845315
"RUNX3",-0.00509387671808721,0.0136990462101509,-0.0878600534793351,0.930560206387403,0.979009792845315
"MAX",0.0113532242601858,-0.926750600133724,0.0866421362393895,0.931520279878579,0.979009792845315
"GSC",0.00508880986012252,0.0282053021692603,0.0861114665926598,0.931938634915357,0.979009792845315
"IRF1",-0.00270631063494632,0.0649348379184315,-0.0825575506610746,0.934740878201703,0.979009792845315
"ABL1",-0.00477204990302905,-0.0116602029016708,-0.0824976790633732,0.934788094002802,0.979009792845315
"HEYL",-0.00420432902472567,0.0327423814062052,-0.0805142135641983,0.936352425049483,0.979009792845315
"GCM1",-0.00359795014717296,0.0114019633441028,-0.0792716528877925,0.937332546806416,0.979009792845315
"LMO4",0.00680529420132808,0.00999078472461976,0.0784594884363497,0.937973229487378,0.979009792845315
"STAT4",-0.00413272830976951,-0.0426144506947924,-0.0780178799723679,0.938321613715265,0.979009792845315
"NAB2",0.00472027614427559,-0.0449946156367454,0.0768049819101271,0.939278530656354,0.979009792845315
"TRIM28",-0.00792218186017116,-0.345347309680854,-0.0748202693941387,0.940844569128027,0.979009792845315
"ZFHX3",0.00547029535625983,-0.0651102225027745,0.072834237981161,0.94241188863748,0.979009792845315
"IRF2BPL",0.00502426722269084,-0.0356143868038026,0.072509174559219,0.942668441907591,0.979009792845315
"SOX7",0.0047172095197563,-0.00476089237773465,0.0715399960897407,0.943433393912848,0.979009792845315
"E2F4",0.0035743985753101,-0.097812422914297,0.0686060802282232,0.945749402239817,0.980044359643214
"HIVEP2",0.00282955689880481,0.136498302106247,0.0628727099955238,0.950276646821741,0.981744743620617
"ZBTB16",0.00283411866061066,0.127972926286916,0.062388417459204,0.950659138359774,0.981744743620617
"TWIST1",0.00493436900434069,0.0377708654824815,0.0598221725833118,0.952686141159409,0.981744743620617
"ARID4A",0.00465132386182197,-0.00291184974499986,0.0571838892158714,0.954770379944762,0.981744743620617
"CEBPE",0.00257720781683946,-0.124546854615609,0.0550807248063058,0.956432109101892,0.981744743620617
"FGF2",-0.00337840393242461,-0.0100673860684973,-0.0548257879417192,0.956633550675247,0.981744743620617
"RFX2",0.00291589123660231,-0.118080898039557,0.0534337317680351,0.957733552313571,0.981744743620617
"POU3F2",0.0025658132930982,0.06509248694725,0.0531460521548377,0.957960887112984,0.981744743620617
"OTX2",0.00299893216007638,0.0973946535092025,0.0482455202176247,0.961833999474045,0.983081090732462
"BCL11A",0.00358652087201604,-0.0541847697935469,0.0452004552596936,0.964241134702755,0.983081090732462
"MIXL1",0.00270633274480163,-0.184172657093648,0.0450527145141242,0.964357933202436,0.983081090732462
"ETS1",0.00221488210507298,0.0105944928642414,0.0444983304324462,0.964796216379363,0.983081090732462
"ZEB1",-0.00364678446725446,-0.242533166918147,-0.043126907140892,0.965880479454505,0.983081090732462
"KLF9",-0.00208181368048582,-0.115976906560391,-0.0401441266437646,0.968238925926995,0.984133408979148
"BARX2",-0.00154997431727218,0.0841980671705889,-0.0345614071494829,0.97265387781044,0.987085962327388
"GRHL3",0.00199000614892353,0.0749093937276433,0.0296720583204973,0.976521222567549,0.987085962327388
"HOXA5",-0.00232147626571594,-0.0151226999220421,-0.028974272026325,0.977073202418779,0.987085962327388
"ESRRB",-0.00205219547061948,0.036355027641447,-0.0279825255516225,0.977857737549253,0.987085962327388
"VENTX",0.00217038185701653,-0.0642249819242057,0.0264492718800161,0.979070683600135,0.987085962327388
"SPI1",-0.00109469414564585,-6.1262873042545e-05,-0.0263934083212445,0.979114877840222,0.987085962327388
"NFIX",-0.000681567542942472,0.0944959376376647,-0.0154175215952558,0.987799140991431,0.993978125037891
"TSHZ3",-0.00090019807956225,0.105392895534741,-0.0136665961509403,0.989184664140467,0.993978125037891
"ZBTB14",-0.000815917804956851,0.0896753026673001,-0.0126807930363378,0.989964754411896,0.993978125037891
"HIVEP3",-0.000410939691711082,-0.102111374147878,-0.00846607823388844,0.993300065913923,0.995981037751747
"DACH1",-0.000252472154626725,-0.191920624943088,-0.00358373748376571,0.99716385233139,0.997521229023868
"SP4",-0.00017669409562395,0.0928306873269086,-0.00313215701788885,0.997521229023868,0.997521229023868
