"Gene","HR","lower95","upper95","P.Value","n","adj.P.Val"
"ATF5",1.5990448836263,1.34682891191778,1.89849246420659,8.33390568449304e-08,475,1.01109944973419e-06
"HAND2",0.635008680139467,0.537551813416632,0.750134245273093,9.19181317940177e-08,475,1.01109944973419e-06
"RUNX1",0.627449171211064,0.527095213057999,0.746909576676673,1.59135630721818e-07,475,1.16699462529333e-06
"HHEX",1.50498604345517,1.27966061625677,1.76998726241989,7.81500498502269e-07,475,4.29825274176248e-06
"MAZ",0.66918323021897,0.568595285011954,0.787565791364029,1.34201366903599e-06,475,5.90486014375835e-06
"GATA3",0.708775102264433,0.599863482536979,0.837460789353833,5.25906772752103e-05,475,0.000192832483342438
"IRF7",0.743278211674624,0.628714316572639,0.878717861813472,0.000513140284120557,475,0.00161272660723604
"STAT1",0.789143279562608,0.660974145224181,0.942165620513967,0.00882459543801165,475,0.024267637454532
"HMGA2",1.2300713622119,1.04400746382234,1.4492957268659,0.0133372041166864,475,0.0300406389242115
"NFIC",0.807397755856197,0.681157764077428,0.957033994972598,0.0136548358746416,475,0.0300406389242115
"TFAP2D",0.82203310237582,0.694477057113503,0.973017631727429,0.0227324713413126,475,0.0454649426826251
"TEAD4",0.830090209547604,0.702575330539984,0.980748577461716,0.028640014174235,475,0.0525066926527642
"WWTR1",1.19331947611866,1.01095953323793,1.40857405787871,0.0367271411184066,475,0.0621536234311497
"RUNX2",1.17279848892608,0.996968505856645,1.37963866215155,0.0544387947850127,475,0.0855466775193056
"ISL1",0.868861454376673,0.740540684780756,1.01941762608904,0.0846912246265863,475,0.124213796118993
"ASCL1",0.873068449189391,0.736830587059503,1.03449630126228,0.116843241896107,475,0.160659457607147
"MAFA",0.882132304232556,0.743351961954592,1.04682228876417,0.150999303197976,475,0.195410862962087
"TBX2",0.905640699582398,0.767005864283624,1.06933351481757,0.242331040165148,475,0.29618238242407
"PRRX1",1.08827521295943,0.920877590609272,1.28610246488712,0.320860956948385,475,0.371523213308657
"PHOX2B",0.93319881447814,0.793028471090865,1.09814471874569,0.405095374510537,475,0.445604911961591
"FOSL2",0.943111336632447,0.795732144396781,1.11778693313805,0.49930280310915,475,0.523079127066729
"JUNB",1.02886521093891,0.870102042964195,1.21659710012189,0.739303547213685,475,0.739303547213685
