"Gene","dep_diff_MES_minus_ADRN","dep_P","dep_FDR","EFS_HR","EFS_P","EFS_FDR","OS_HR","OS_P","OS_FDR","composite_score","n_nominal_sig","n_FDR_sig"
"ATF5",0.270872227716495,0.000111117785029399,0.0825605142768432,1.5990448836263,8.33390568449304e-08,1.01109944973419e-06,1.97108709657084,3.84410137596186e-10,8.4570230271161e-09,20.4485730107228,3,2
"HAND2",-0.212693819414266,0.158370867542608,0.568195748029896,0.635008680139467,9.19181317940177e-08,1.01109944973419e-06,0.555027562436189,2.42954351228976e-08,2.67249786351874e-07,15.4513988338331,2,2
"RUNX1",-0.0602499364789199,0.419072759614214,0.779058223967824,0.627449171211064,1.59135630721818e-07,1.16699462529333e-06,0.548768826245549,5.3846702238096e-08,3.94875816412704e-07,14.444784027585,2,2
"HHEX",0.186394037706759,0.00521352761917638,0.296888204743202,1.50498604345517,7.81500498502269e-07,4.29825274176248e-06,1.52648769891715,4.34851942242711e-05,0.000191334854586793,12.7515976478489,3,2
"MAZ",0.208504181645744,0.0039014111744726,0.296888204743202,0.66918323021897,1.34201366903599e-06,5.90486014375835e-06,0.673422096156365,0.000118343032742227,0.000433924453388164,12.2078786424834,3,2
"GATA3",0.424546800229528,0.0460711429225391,0.472598680644079,0.708775102264433,5.25906772752103e-05,0.000192832483342438,0.622229010376736,2.72858851992473e-06,1.5007236859586e-05,11.1797242023582,3,2
"IRF7",0.17815073350392,0.00383006058744094,0.296888204743202,0.743278211674624,0.000513140284120557,0.00161272660723604,0.726821456068144,0.00279467730151725,0.00683143340370884,8.26022657800205,3,2
"HMGA2",-0.174363085763794,0.00307562124485217,0.296888204743202,1.2300713622119,0.0133372041166864,0.0300406389242115,1.44071779473343,0.000388982703834843,0.00122251706919522,7.79707205927327,3,2
"STAT1",-0.180884690180381,0.00164798065123906,0.20407493731177,0.789143279562608,0.00882459543801165,0.024267637454532,0.709382801292921,0.00266384704886818,0.00683143340370884,7.41184380208853,3,2
"NFIC",0.233266998064526,0.000937575884897449,0.162566001921016,0.807397755856197,0.0136548358746416,0.0300406389242115,0.76102909192117,0.0117420415489793,0.0234840830979586,6.82296347428022,3,2
"TFAP2D",0.178806338398623,0.000820647364256691,0.162566001921016,0.82203310237582,0.0227324713413126,0.0454649426826251,0.776634082317691,0.0187515312187958,0.0343778072344589,6.45616003150251,3,2
"MAFA",-0.182354178997733,0.00028696148404118,0.106606191321299,0.882132304232556,0.150999303197976,0.195410862962087,0.786152638344487,0.0296910779892322,0.0502464396740853,5.8905754813989,2,0
"RUNX2",0.110258927885548,0.0822604772795063,0.517464818169971,1.17279848892608,0.0544387947850127,0.0855466775193056,1.34685334437378,0.00323276849109343,0.00711209068040555,4.83932566867851,1,1
"JUNB",0.202979874961679,0.00109398386218719,0.162566001921016,1.02886521093891,0.739303547213685,0.739303547213685,1.14299494825712,0.200959200077093,0.245616800094225,3.78905840110549,1,0
"WWTR1",-0.0951387565667398,0.0970785970789636,0.525589854662176,1.19331947611866,0.0367271411184066,0.0621536234311497,1.19298246851614,0.0889835219032794,0.130509165458143,3.49857979394791,1,0
"TEAD4",0.0552723228391991,0.29211999961322,0.695774212932428,0.830090209547604,0.028640014174235,0.0525066926527642,0.818446823450498,0.0591636043771941,0.0929713783070192,3.30541085572498,1,0
"TBX2",-0.209639653217449,0.105234335744597,0.525589854662176,0.905640699582398,0.242331040165148,0.29618238242407,0.856585199341773,0.131330287782688,0.16995684301289,2.47506859355075,0,0
"ISL1",0.381185086231669,0.182688755685026,0.587019641694914,0.868861454376673,0.0846912246265863,0.124213796118993,0.903513268942955,0.322612751472259,0.373551606967878,2.30176824030553,0,0
"ASCL1",0.271335840745275,0.216641988553347,0.623895339128437,0.873068449189391,0.116843241896107,0.160659457607147,0.942614022055689,0.577966726134125,0.635763398747538,1.83475093176144,0,0
"PRRX1",-0.0390408397569539,0.54293366282385,0.833470478260579,1.08827521295943,0.320860956948385,0.371523213308657,1.17147888766682,0.128635998134257,0.16995684301289,1.64957383536515,0,0
"FOSL2",0.0797292841597944,0.191351203382026,0.587019641694914,0.943111336632447,0.49930280310915,0.523079127066729,0.954124593854993,0.665018578198419,0.696686129541201,1.19697101992026,0,0
"PHOX2B",0.143854355416344,0.286456376645676,0.695774212932428,0.93319881447814,0.405095374510537,0.445604911961591,1.00212281138095,0.983549199688546,0.983549199688546,0.942588132062358,0,0
